Product_A,Product_B,Product_C,Product_D,Total_Sales,Total_Sales_GroupBy
84.33333333333333,63.666666666666664,40.666666666666664,40.0,0.0,0.0
88.33333333333333,51.333333333333336,36.333333333333336,29.0,0.0,0.0
59.666666666666664,57.666666666666664,41.0,20.666666666666668,0.0,0.0
77.0,52.666666666666664,36.0,36.0,0.0,0.0
